"ID","Type","SKU","Name","Description","Short Description","Regular Price","Sale Price","Categories","Tags","Stock","Weight","Dimensions","Images","Attribute 1 Name","Attribute 1 Value(s)","Attribute 1 Visible","Attribute 1 Global"
"","simple","SHA-HW-001","Dr Vibro Intelligent Electric Massager [GREEN]","<p>The Dr Vibro Intelligent Electric Massager is a premium product designed for quality and durability. Perfect for everyday use, it combines functionality with modern aesthetics, making it an excellent choice for your home or lifestyle needs.</p><ul><li>High-quality materials for long-lasting performance</li><li>Available in GREEN</li><li>Easy to use and maintain</li><li>Stylish design suitable for any setting</li></ul><p>Specifications: Variation: GREEN. Category: Health & Wellness. Backed by Shalina Mart's 7-day return policy and free delivery on orders above KSh 2,500.</p>","<p>✓ Free delivery on orders above KSh 2,500</p><p>✓ 7-day easy returns</p><p>✓ Secure M-Pesa checkout</p><p>Premium quality Dr Vibro Intelligent Electric Massager available in GREEN.</p>","3999","","Health & Wellness","health, wellness, fitness, massage, comfort","10","2.0","35x25x20","https://shalimart.co.ke/wp-content/uploads/shalina-mart-images/SHA-HW-001.png","Colour","GREEN","1","0"
"","variable","SHA-OD-001-PARENT","Lion King Kids Bicycles","<p>The Lion King Kids Bicycles is a premium product designed for quality and durability. Perfect for everyday use, it combines functionality with modern aesthetics, making it an excellent choice for your home or lifestyle needs.</p><ul><li>High-quality materials for long-lasting performance</li><li>Available in 12"" RED/BLUE/BLACK|16"" RED/BLUE/BLACK|20"" RED/BLUE/BLACK</li><li>Easy to use and maintain</li><li>Stylish design suitable for any setting</li></ul><p>Specifications: Variation: 12"" RED/BLUE/BLACK|16"" RED/BLUE/BLACK|20"" RED/BLUE/BLACK. Category: Outdoor. Backed by Shalina Mart's 7-day return policy and free delivery on orders above KSh 2,500.</p>","<p>✓ Free delivery on orders above KSh 2,500</p><p>✓ 7-day easy returns</p><p>✓ Secure M-Pesa checkout</p><p>Premium quality Lion King Kids Bicycles available in 12"" RED/BLUE/BLACK|16"" RED/BLUE/BLACK|20"" RED/BLUE/BLACK.</p>","","","Outdoor","outdoor, garden, kids, play, exterior","10","5.0","60x40x30","https://shalimart.co.ke/wp-content/uploads/shalina-mart-images/SHA-OD-001.png","Size","12"" RED/BLUE/BLACK|16"" RED/BLUE/BLACK|20"" RED/BLUE/BLACK","1","0"
"","variation","SHA-OD-001-1","","","","5999","","Outdoor","outdoor, garden, kids, play, exterior","10","5.0","60x40x30","","Size","12"" RED/BLUE/BLACK","1","0"
"","variation","SHA-OD-001-2","","","","6500","","Outdoor","outdoor, garden, kids, play, exterior","10","5.0","60x40x30","","Size","16"" RED/BLUE/BLACK","1","0"
"","variation","SHA-OD-001-3","","","","6999","","Outdoor","outdoor, garden, kids, play, exterior","10","5.0","60x40x30","","Size","20"" RED/BLUE/BLACK","1","0"
"","simple","SHA-APP-001","39Pcs Car Detail Kit With A Vacuum Cleaner And Spray [BLUE/RED]","<p>The 39Pcs Car Detail Kit With A Vacuum Cleaner And Spray is a premium product designed for quality and durability. Perfect for everyday use, it combines functionality with modern aesthetics, making it an excellent choice for your home or lifestyle needs.</p><ul><li>High-quality materials for long-lasting performance</li><li>Available in BLUE/RED</li><li>Easy to use and maintain</li><li>Stylish design suitable for any setting</li></ul><p>Specifications: Variation: BLUE/RED. Category: Appliances. Backed by Shalina Mart's 7-day return policy and free delivery on orders above KSh 2,500.</p>","<p>✓ Free delivery on orders above KSh 2,500</p><p>✓ 7-day easy returns</p><p>✓ Secure M-Pesa checkout</p><p>Premium quality 39Pcs Car Detail Kit With A Vacuum Cleaner And Spray available in BLUE/RED.</p>","5999","","Appliances","appliance, electric, home appliance, kitchen, modern","10","3.0","40x30x25","https://shalimart.co.ke/wp-content/uploads/shalina-mart-images/SHA-APP-001.png","Colour","BLUE/RED","1","0"
"","simple","SHA-APP-002","Wireless Car Wash Spray Gun Machine With Portable 248V Lithium Battery [BLACK]","<p>The Wireless Car Wash Spray Gun Machine With Portable 248V Lithium Battery is a premium product designed for quality and durability. Perfect for everyday use, it combines functionality with modern aesthetics, making it an excellent choice for your home or lifestyle needs.</p><ul><li>High-quality materials for long-lasting performance</li><li>Available in BLACK</li><li>Easy to use and maintain</li><li>Stylish design suitable for any setting</li></ul><p>Specifications: Variation: BLACK. Category: Appliances. Backed by Shalina Mart's 7-day return policy and free delivery on orders above KSh 2,500.</p>","<p>✓ Free delivery on orders above KSh 2,500</p><p>✓ 7-day easy returns</p><p>✓ Secure M-Pesa checkout</p><p>Premium quality Wireless Car Wash Spray Gun Machine With Portable 248V Lithium Battery available in BLACK.</p>","3500","","Appliances","appliance, electric, home appliance, kitchen, modern","10","3.0","40x30x25","https://shalimart.co.ke/wp-content/uploads/shalina-mart-images/SHA-APP-002.png","Colour","BLACK","1","0"
"","variable","SHA-FBA-001-PARENT","Skate Shooes Full Set","<p>The Skate Shooes Full Set is a premium product designed for quality and durability. Perfect for everyday use, it combines functionality with modern aesthetics, making it an excellent choice for your home or lifestyle needs.</p><ul><li>High-quality materials for long-lasting performance</li><li>Available in RED/BLUE SMALL 31-34|RED/BLUE MEDIUM 35-38|RED/BLUE LARGE 39-42</li><li>Easy to use and maintain</li><li>Stylish design suitable for any setting</li></ul><p>Specifications: Variation: RED/BLUE SMALL 31-34|RED/BLUE MEDIUM 35-38|RED/BLUE LARGE 39-42. Category: Fashion & Beauty Accessories. Backed by Shalina Mart's 7-day return policy and free delivery on orders above KSh 2,500.</p>","<p>✓ Free delivery on orders above KSh 2,500</p><p>✓ 7-day easy returns</p><p>✓ Secure M-Pesa checkout</p><p>Premium quality Skate Shooes Full Set available in RED/BLUE SMALL 31-34|RED/BLUE MEDIUM 35-38|RED/BLUE LARGE 39-42.</p>","","","Fashion & Beauty Accessories","fashion, beauty, accessory, style, women","10","0.5","20x15x10","https://shalimart.co.ke/wp-content/uploads/shalina-mart-images/SHA-FBA-001.png","Size","RED/BLUE SMALL 31-34|RED/BLUE MEDIUM 35-38|RED/BLUE LARGE 39-42","1","0"
"","variation","SHA-FBA-001-1","","","","5500","","Fashion & Beauty Accessories","fashion, beauty, accessory, style, women","10","0.5","20x15x10","","Size","RED/BLUE SMALL 31-34","1","0"
"","variation","SHA-FBA-001-2","","","","5500","","Fashion & Beauty Accessories","fashion, beauty, accessory, style, women","10","0.5","20x15x10","","Size","RED/BLUE MEDIUM 35-38","1","0"
"","variation","SHA-FBA-001-3","","","","5500","","Fashion & Beauty Accessories","fashion, beauty, accessory, style, women","10","0.5","20x15x10","","Size","RED/BLUE LARGE 39-42","1","0"
"","simple","SHA-HW-002","Baby Stroller Model 303 [NAVY BLUE]","<p>The Baby Stroller Model 303 is a premium product designed for quality and durability. Perfect for everyday use, it combines functionality with modern aesthetics, making it an excellent choice for your home or lifestyle needs.</p><ul><li>High-quality materials for long-lasting performance</li><li>Available in NAVY BLUE</li><li>Easy to use and maintain</li><li>Stylish design suitable for any setting</li></ul><p>Specifications: Variation: NAVY BLUE. Category: Health & Wellness. Backed by Shalina Mart's 7-day return policy and free delivery on orders above KSh 2,500.</p>","<p>✓ Free delivery on orders above KSh 2,500</p><p>✓ 7-day easy returns</p><p>✓ Secure M-Pesa checkout</p><p>Premium quality Baby Stroller Model 303 available in NAVY BLUE.</p>","6666","","Health & Wellness","health, wellness, fitness, massage, comfort","10","2.0","35x25x20","https://shalimart.co.ke/wp-content/uploads/shalina-mart-images/SHA-HW-002.png","Colour","NAVY BLUE","1","0"
"","simple","SHA-APP-003","Smart Raha Life 10Pcs Cookware Set [STAINLESS STEEL]","<p>The Smart Raha Life 10Pcs Cookware Set is a premium product designed for quality and durability. Perfect for everyday use, it combines functionality with modern aesthetics, making it an excellent choice for your home or lifestyle needs.</p><ul><li>High-quality materials for long-lasting performance</li><li>Available in STAINLESS STEEL</li><li>Easy to use and maintain</li><li>Stylish design suitable for any setting</li></ul><p>Specifications: Variation: STAINLESS STEEL. Category: Appliances. Backed by Shalina Mart's 7-day return policy and free delivery on orders above KSh 2,500.</p>","<p>✓ Free delivery on orders above KSh 2,500</p><p>✓ 7-day easy returns</p><p>✓ Secure M-Pesa checkout</p><p>Premium quality Smart Raha Life 10Pcs Cookware Set available in STAINLESS STEEL.</p>","4000","","Appliances","appliance, electric, home appliance, kitchen, modern","10","3.0","40x30x25","https://shalimart.co.ke/wp-content/uploads/shalina-mart-images/SHA-APP-003.png","Style","STAINLESS STEEL","1","0"
"","simple","SHA-APP-004","High Quality Portable Silicon Folding  Electric Foot Bath Massage Machine [GREY]","<p>The High Quality Portable Silicon Folding  Electric Foot Bath Massage Machine is a premium product designed for quality and durability. Perfect for everyday use, it combines functionality with modern aesthetics, making it an excellent choice for your home or lifestyle needs.</p><ul><li>High-quality materials for long-lasting performance</li><li>Available in GREY</li><li>Easy to use and maintain</li><li>Stylish design suitable for any setting</li></ul><p>Specifications: Variation: GREY. Category: Appliances. Backed by Shalina Mart's 7-day return policy and free delivery on orders above KSh 2,500.</p>","<p>✓ Free delivery on orders above KSh 2,500</p><p>✓ 7-day easy returns</p><p>✓ Secure M-Pesa checkout</p><p>Premium quality High Quality Portable Silicon Folding  Electric Foot Bath Massage Machine available in GREY.</p>","4000","","Appliances","appliance, electric, home appliance, kitchen, modern","10","3.0","40x30x25","https://shalimart.co.ke/wp-content/uploads/shalina-mart-images/SHA-APP-004.png","Colour","GREY","1","0"
"","simple","SHA-HW-003","Nira Branded 2 In 1 Comfy Back And Neck Support Cushion Ideal For Car And Office Seats [BLACK]","<p>The Nira Branded 2 In 1 Comfy Back And Neck Support Cushion Ideal For Car And Office Seats is a premium product designed for quality and durability. Perfect for everyday use, it combines functionality with modern aesthetics, making it an excellent choice for your home or lifestyle needs.</p><ul><li>High-quality materials for long-lasting performance</li><li>Available in BLACK</li><li>Easy to use and maintain</li><li>Stylish design suitable for any setting</li></ul><p>Specifications: Variation: BLACK. Category: Health & Wellness. Backed by Shalina Mart's 7-day return policy and free delivery on orders above KSh 2,500.</p>","<p>✓ Free delivery on orders above KSh 2,500</p><p>✓ 7-day easy returns</p><p>✓ Secure M-Pesa checkout</p><p>Premium quality Nira Branded 2 In 1 Comfy Back And Neck Support Cushion Ideal For Car And Office Seats available in BLACK.</p>","1899","","Health & Wellness","health, wellness, fitness, massage, comfort","10","2.0","35x25x20","https://shalimart.co.ke/wp-content/uploads/shalina-mart-images/SHA-HW-003.png","Colour","BLACK","1","0"
"","simple","SHA-HW-004","Bmi Smart Digital Personal Weight Scale [BLACK]","<p>The Bmi Smart Digital Personal Weight Scale is a premium product designed for quality and durability. Perfect for everyday use, it combines functionality with modern aesthetics, making it an excellent choice for your home or lifestyle needs.</p><ul><li>High-quality materials for long-lasting performance</li><li>Available in BLACK</li><li>Easy to use and maintain</li><li>Stylish design suitable for any setting</li></ul><p>Specifications: Variation: BLACK. Category: Health & Wellness. Backed by Shalina Mart's 7-day return policy and free delivery on orders above KSh 2,500.</p>","<p>✓ Free delivery on orders above KSh 2,500</p><p>✓ 7-day easy returns</p><p>✓ Secure M-Pesa checkout</p><p>Premium quality Bmi Smart Digital Personal Weight Scale available in BLACK.</p>","1300","","Health & Wellness","health, wellness, fitness, massage, comfort","10","2.0","35x25x20","https://shalimart.co.ke/wp-content/uploads/shalina-mart-images/SHA-HW-004.png","Colour","BLACK","1","0"
"","simple","SHA-APP-005","Cordless Electric Lawn Mower Foldable Adjustable Trimmer 18V Batteery [BLUE]","<p>The Cordless Electric Lawn Mower Foldable Adjustable Trimmer 18V Batteery is a premium product designed for quality and durability. Perfect for everyday use, it combines functionality with modern aesthetics, making it an excellent choice for your home or lifestyle needs.</p><ul><li>High-quality materials for long-lasting performance</li><li>Available in BLUE</li><li>Easy to use and maintain</li><li>Stylish design suitable for any setting</li></ul><p>Specifications: Variation: BLUE. Category: Appliances. Backed by Shalina Mart's 7-day return policy and free delivery on orders above KSh 2,500.</p>","<p>✓ Free delivery on orders above KSh 2,500</p><p>✓ 7-day easy returns</p><p>✓ Secure M-Pesa checkout</p><p>Premium quality Cordless Electric Lawn Mower Foldable Adjustable Trimmer 18V Batteery available in BLUE.</p>","4000","","Appliances","appliance, electric, home appliance, kitchen, modern","10","3.0","40x30x25","https://shalimart.co.ke/wp-content/uploads/shalina-mart-images/SHA-APP-005.png","Colour","BLUE","1","0"
"","simple","SHA-HW-005","Wrist Electronic Rechargeable Sphygmomanometer [BLACK]","<p>The Wrist Electronic Rechargeable Sphygmomanometer is a premium product designed for quality and durability. Perfect for everyday use, it combines functionality with modern aesthetics, making it an excellent choice for your home or lifestyle needs.</p><ul><li>High-quality materials for long-lasting performance</li><li>Available in BLACK</li><li>Easy to use and maintain</li><li>Stylish design suitable for any setting</li></ul><p>Specifications: Variation: BLACK. Category: Health & Wellness. Backed by Shalina Mart's 7-day return policy and free delivery on orders above KSh 2,500.</p>","<p>✓ Free delivery on orders above KSh 2,500</p><p>✓ 7-day easy returns</p><p>✓ Secure M-Pesa checkout</p><p>Premium quality Wrist Electronic Rechargeable Sphygmomanometer available in BLACK.</p>","1499","","Health & Wellness","health, wellness, fitness, massage, comfort","10","2.0","35x25x20","https://shalimart.co.ke/wp-content/uploads/shalina-mart-images/SHA-HW-005.png","Colour","BLACK","1","0"
"","simple","SHA-HF-001","4Pcs Signature High Borosilicate Glass Storage Bowls With Lid [MULTICOLOUR]","<p>The 4Pcs Signature High Borosilicate Glass Storage Bowls With Lid is a premium product designed for quality and durability. Perfect for everyday use, it combines functionality with modern aesthetics, making it an excellent choice for your home or lifestyle needs.</p><ul><li>High-quality materials for long-lasting performance</li><li>Available in MULTICOLOUR</li><li>Easy to use and maintain</li><li>Stylish design suitable for any setting</li></ul><p>Specifications: Variation: MULTICOLOUR. Category: Home & Furniture. Backed by Shalina Mart's 7-day return policy and free delivery on orders above KSh 2,500.</p>","<p>✓ Free delivery on orders above KSh 2,500</p><p>✓ 7-day easy returns</p><p>✓ Secure M-Pesa checkout</p><p>Premium quality 4Pcs Signature High Borosilicate Glass Storage Bowls With Lid available in MULTICOLOUR.</p>","2300","","Home & Furniture","home, furniture, decor, interior, modern","10","8.0","80x60x40","https://shalimart.co.ke/wp-content/uploads/shalina-mart-images/SHA-HF-001.png","Colour","MULTICOLOUR","1","0"
"","simple","SHA-OD-002","Artificial Hanging Plant With Vases [70CM]","<p>The Artificial Hanging Plant With Vases is a premium product designed for quality and durability. Perfect for everyday use, it combines functionality with modern aesthetics, making it an excellent choice for your home or lifestyle needs.</p><ul><li>High-quality materials for long-lasting performance</li><li>Available in 70CM</li><li>Easy to use and maintain</li><li>Stylish design suitable for any setting</li></ul><p>Specifications: Variation: 70CM. Category: Outdoor. Backed by Shalina Mart's 7-day return policy and free delivery on orders above KSh 2,500.</p>","<p>✓ Free delivery on orders above KSh 2,500</p><p>✓ 7-day easy returns</p><p>✓ Secure M-Pesa checkout</p><p>Premium quality Artificial Hanging Plant With Vases available in 70CM.</p>","2500","","Outdoor","outdoor, garden, kids, play, exterior","10","5.0","60x40x30","https://shalimart.co.ke/wp-content/uploads/shalina-mart-images/SHA-OD-002.png","Size","70CM","1","0"
"","simple","SHA-HF-002","Vintage Nordic 3D Led Electric Fire Place [60CM*10CM*20CM]","<p>The Vintage Nordic 3D Led Electric Fire Place is a premium product designed for quality and durability. Perfect for everyday use, it combines functionality with modern aesthetics, making it an excellent choice for your home or lifestyle needs.</p><ul><li>High-quality materials for long-lasting performance</li><li>Available in 60CM*10CM*20CM</li><li>Easy to use and maintain</li><li>Stylish design suitable for any setting</li></ul><p>Specifications: Variation: 60CM*10CM*20CM. Category: Home & Furniture. Backed by Shalina Mart's 7-day return policy and free delivery on orders above KSh 2,500.</p>","<p>✓ Free delivery on orders above KSh 2,500</p><p>✓ 7-day easy returns</p><p>✓ Secure M-Pesa checkout</p><p>Premium quality Vintage Nordic 3D Led Electric Fire Place available in 60CM*10CM*20CM.</p>","5000","","Home & Furniture","home, furniture, decor, interior, modern","10","8.0","80x60x40","https://shalimart.co.ke/wp-content/uploads/shalina-mart-images/SHA-HF-002.png","Size","60CM*10CM*20CM","1","0"
"","simple","SHA-HF-003","Decorative Water Hyacinth Handmade Braided Natural Boho Mirror [60CM]","<p>The Decorative Water Hyacinth Handmade Braided Natural Boho Mirror is a premium product designed for quality and durability. Perfect for everyday use, it combines functionality with modern aesthetics, making it an excellent choice for your home or lifestyle needs.</p><ul><li>High-quality materials for long-lasting performance</li><li>Available in 60CM</li><li>Easy to use and maintain</li><li>Stylish design suitable for any setting</li></ul><p>Specifications: Variation: 60CM. Category: Home & Furniture. Backed by Shalina Mart's 7-day return policy and free delivery on orders above KSh 2,500.</p>","<p>✓ Free delivery on orders above KSh 2,500</p><p>✓ 7-day easy returns</p><p>✓ Secure M-Pesa checkout</p><p>Premium quality Decorative Water Hyacinth Handmade Braided Natural Boho Mirror available in 60CM.</p>","5000","","Home & Furniture","home, furniture, decor, interior, modern","10","8.0","80x60x40","https://shalimart.co.ke/wp-content/uploads/shalina-mart-images/SHA-HF-003.png","Size","60CM","1","0"
"","simple","SHA-HF-004","Minimalist Nordic Round Decorative Mirror With A Leather Strap [BLACK/GOLD]","<p>The Minimalist Nordic Round Decorative Mirror With A Leather Strap is a premium product designed for quality and durability. Perfect for everyday use, it combines functionality with modern aesthetics, making it an excellent choice for your home or lifestyle needs.</p><ul><li>High-quality materials for long-lasting performance</li><li>Available in BLACK/GOLD</li><li>Easy to use and maintain</li><li>Stylish design suitable for any setting</li></ul><p>Specifications: Variation: BLACK/GOLD. Category: Home & Furniture. Backed by Shalina Mart's 7-day return policy and free delivery on orders above KSh 2,500.</p>","<p>✓ Free delivery on orders above KSh 2,500</p><p>✓ 7-day easy returns</p><p>✓ Secure M-Pesa checkout</p><p>Premium quality Minimalist Nordic Round Decorative Mirror With A Leather Strap available in BLACK/GOLD.</p>","5000","","Home & Furniture","home, furniture, decor, interior, modern","10","8.0","80x60x40","https://shalimart.co.ke/wp-content/uploads/shalina-mart-images/SHA-HF-004.png","Colour","BLACK/GOLD","1","0"
"","simple","SHA-HW-006","Model 999-1 Foldable Baby Walker With A Green Seat&Toys [GREEN]","<p>The Model 999-1 Foldable Baby Walker With A Green Seat&Toys is a premium product designed for quality and durability. Perfect for everyday use, it combines functionality with modern aesthetics, making it an excellent choice for your home or lifestyle needs.</p><ul><li>High-quality materials for long-lasting performance</li><li>Available in GREEN</li><li>Easy to use and maintain</li><li>Stylish design suitable for any setting</li></ul><p>Specifications: Variation: GREEN. Category: Health & Wellness. Backed by Shalina Mart's 7-day return policy and free delivery on orders above KSh 2,500.</p>","<p>✓ Free delivery on orders above KSh 2,500</p><p>✓ 7-day easy returns</p><p>✓ Secure M-Pesa checkout</p><p>Premium quality Model 999-1 Foldable Baby Walker With A Green Seat&Toys available in GREEN.</p>","3200","","Health & Wellness","health, wellness, fitness, massage, comfort","10","2.0","35x25x20","https://shalimart.co.ke/wp-content/uploads/shalina-mart-images/SHA-HW-006.png","Colour","GREEN","1","0"
"","simple","SHA-HF-005","Ergonomic Modern Compact Computer Desk [BLACK/BROWN]","<p>The Ergonomic Modern Compact Computer Desk is a premium product designed for quality and durability. Perfect for everyday use, it combines functionality with modern aesthetics, making it an excellent choice for your home or lifestyle needs.</p><ul><li>High-quality materials for long-lasting performance</li><li>Available in BLACK/BROWN</li><li>Easy to use and maintain</li><li>Stylish design suitable for any setting</li></ul><p>Specifications: Variation: BLACK/BROWN. Category: Home & Furniture. Backed by Shalina Mart's 7-day return policy and free delivery on orders above KSh 2,500.</p>","<p>✓ Free delivery on orders above KSh 2,500</p><p>✓ 7-day easy returns</p><p>✓ Secure M-Pesa checkout</p><p>Premium quality Ergonomic Modern Compact Computer Desk available in BLACK/BROWN.</p>","6500","","Home & Furniture","home, furniture, decor, interior, modern","10","8.0","80x60x40","https://shalimart.co.ke/wp-content/uploads/shalina-mart-images/SHA-HF-005.png","Colour","BLACK/BROWN","1","0"
"","simple","SHA-KIT-001","40Pcs Professional Makeup Brush Kit [PINK]","<p>The 40Pcs Professional Makeup Brush Kit is a premium product designed for quality and durability. Perfect for everyday use, it combines functionality with modern aesthetics, making it an excellent choice for your home or lifestyle needs.</p><ul><li>High-quality materials for long-lasting performance</li><li>Available in PINK</li><li>Easy to use and maintain</li><li>Stylish design suitable for any setting</li></ul><p>Specifications: Variation: PINK. Category: Kits Products. Backed by Shalina Mart's 7-day return policy and free delivery on orders above KSh 2,500.</p>","<p>✓ Free delivery on orders above KSh 2,500</p><p>✓ 7-day easy returns</p><p>✓ Secure M-Pesa checkout</p><p>Premium quality 40Pcs Professional Makeup Brush Kit available in PINK.</p>","2699","","Kits Products","kit, set, bundle, collection, multi-piece","10","1.5","30x20x15","https://shalimart.co.ke/wp-content/uploads/shalina-mart-images/SHA-KIT-001.png","Colour","PINK","1","0"
"","simple","SHA-APP-006","2 In 1 Rechargable Portable Blender Juicer + Cup [MULTICOLOR]","<p>The 2 In 1 Rechargable Portable Blender Juicer + Cup is a premium product designed for quality and durability. Perfect for everyday use, it combines functionality with modern aesthetics, making it an excellent choice for your home or lifestyle needs.</p><ul><li>High-quality materials for long-lasting performance</li><li>Available in MULTICOLOR</li><li>Easy to use and maintain</li><li>Stylish design suitable for any setting</li></ul><p>Specifications: Variation: MULTICOLOR. Category: Appliances. Backed by Shalina Mart's 7-day return policy and free delivery on orders above KSh 2,500.</p>","<p>✓ Free delivery on orders above KSh 2,500</p><p>✓ 7-day easy returns</p><p>✓ Secure M-Pesa checkout</p><p>Premium quality 2 In 1 Rechargable Portable Blender Juicer + Cup available in MULTICOLOR.</p>","1400","","Appliances","appliance, electric, home appliance, kitchen, modern","10","3.0","40x30x25","https://shalimart.co.ke/wp-content/uploads/shalina-mart-images/SHA-APP-006.png","Colour","MULTICOLOR","1","0"
"","simple","SHA-KIT-002","7Pcs Luggage Travel Suitcase Organizers [BLACK/GREY/NAVY BLUE/BEIGE]","<p>The 7Pcs Luggage Travel Suitcase Organizers is a premium product designed for quality and durability. Perfect for everyday use, it combines functionality with modern aesthetics, making it an excellent choice for your home or lifestyle needs.</p><ul><li>High-quality materials for long-lasting performance</li><li>Available in BLACK/GREY/NAVY BLUE/BEIGE</li><li>Easy to use and maintain</li><li>Stylish design suitable for any setting</li></ul><p>Specifications: Variation: BLACK/GREY/NAVY BLUE/BEIGE. Category: Kits Products. Backed by Shalina Mart's 7-day return policy and free delivery on orders above KSh 2,500.</p>","<p>✓ Free delivery on orders above KSh 2,500</p><p>✓ 7-day easy returns</p><p>✓ Secure M-Pesa checkout</p><p>Premium quality 7Pcs Luggage Travel Suitcase Organizers available in BLACK/GREY/NAVY BLUE/BEIGE.</p>","1499","","Kits Products","kit, set, bundle, collection, multi-piece","10","1.5","30x20x15","https://shalimart.co.ke/wp-content/uploads/shalina-mart-images/SHA-KIT-002.png","Colour","BLACK/GREY/NAVY BLUE/BEIGE","1","0"
"","simple","SHA-HF-006","Wooden Profile 5 Levels Adjustable Foldable Laptop Table With Cup Slot [WHITE]","<p>The Wooden Profile 5 Levels Adjustable Foldable Laptop Table With Cup Slot is a premium product designed for quality and durability. Perfect for everyday use, it combines functionality with modern aesthetics, making it an excellent choice for your home or lifestyle needs.</p><ul><li>High-quality materials for long-lasting performance</li><li>Available in WHITE</li><li>Easy to use and maintain</li><li>Stylish design suitable for any setting</li></ul><p>Specifications: Variation: WHITE. Category: Home & Furniture. Backed by Shalina Mart's 7-day return policy and free delivery on orders above KSh 2,500.</p>","<p>✓ Free delivery on orders above KSh 2,500</p><p>✓ 7-day easy returns</p><p>✓ Secure M-Pesa checkout</p><p>Premium quality Wooden Profile 5 Levels Adjustable Foldable Laptop Table With Cup Slot available in WHITE.</p>","2799","","Home & Furniture","home, furniture, decor, interior, modern","10","8.0","80x60x40","https://shalimart.co.ke/wp-content/uploads/shalina-mart-images/SHA-HF-006.png","Colour","WHITE","1","0"
"","simple","SHA-HF-007","Adjustable Telescopic Multi-Corner Shelf Organiser [WHITE]","<p>The Adjustable Telescopic Multi-Corner Shelf Organiser is a premium product designed for quality and durability. Perfect for everyday use, it combines functionality with modern aesthetics, making it an excellent choice for your home or lifestyle needs.</p><ul><li>High-quality materials for long-lasting performance</li><li>Available in WHITE</li><li>Easy to use and maintain</li><li>Stylish design suitable for any setting</li></ul><p>Specifications: Variation: WHITE. Category: Home & Furniture. Backed by Shalina Mart's 7-day return policy and free delivery on orders above KSh 2,500.</p>","<p>✓ Free delivery on orders above KSh 2,500</p><p>✓ 7-day easy returns</p><p>✓ Secure M-Pesa checkout</p><p>Premium quality Adjustable Telescopic Multi-Corner Shelf Organiser available in WHITE.</p>","1999","","Home & Furniture","home, furniture, decor, interior, modern","10","8.0","80x60x40","https://shalimart.co.ke/wp-content/uploads/shalina-mart-images/SHA-HF-007.png","Colour","WHITE","1","0"
"","simple","SHA-AUTO-001","Rotating Aromatherapy Car Interior Dashboard Air Freshener [RED/BLACK/GOLD/SILVER]","<p>The Rotating Aromatherapy Car Interior Dashboard Air Freshener is a premium product designed for quality and durability. Perfect for everyday use, it combines functionality with modern aesthetics, making it an excellent choice for your home or lifestyle needs.</p><ul><li>High-quality materials for long-lasting performance</li><li>Available in RED/BLACK/GOLD/SILVER</li><li>Easy to use and maintain</li><li>Stylish design suitable for any setting</li></ul><p>Specifications: Variation: RED/BLACK/GOLD/SILVER. Category: Automotive. Backed by Shalina Mart's 7-day return policy and free delivery on orders above KSh 2,500.</p>","<p>✓ Free delivery on orders above KSh 2,500</p><p>✓ 7-day easy returns</p><p>✓ Secure M-Pesa checkout</p><p>Premium quality Rotating Aromatherapy Car Interior Dashboard Air Freshener available in RED/BLACK/GOLD/SILVER.</p>","1500","","Automotive","car, auto, vehicle, cleaning, automotive","10","2.5","35x25x15","https://shalimart.co.ke/wp-content/uploads/shalina-mart-images/SHA-AUTO-001.png","Colour","RED/BLACK/GOLD/SILVER","1","0"
"","simple","SHA-HF-008","Adjustable Standing Desk With Wheels [BROWN/BLACK/WHITE]","<p>The Adjustable Standing Desk With Wheels is a premium product designed for quality and durability. Perfect for everyday use, it combines functionality with modern aesthetics, making it an excellent choice for your home or lifestyle needs.</p><ul><li>High-quality materials for long-lasting performance</li><li>Available in BROWN/BLACK/WHITE</li><li>Easy to use and maintain</li><li>Stylish design suitable for any setting</li></ul><p>Specifications: Variation: BROWN/BLACK/WHITE. Category: Home & Furniture. Backed by Shalina Mart's 7-day return policy and free delivery on orders above KSh 2,500.</p>","<p>✓ Free delivery on orders above KSh 2,500</p><p>✓ 7-day easy returns</p><p>✓ Secure M-Pesa checkout</p><p>Premium quality Adjustable Standing Desk With Wheels available in BROWN/BLACK/WHITE.</p>","4200","","Home & Furniture","home, furniture, decor, interior, modern","10","8.0","80x60x40","https://shalimart.co.ke/wp-content/uploads/shalina-mart-images/SHA-HF-008.png","Colour","BROWN/BLACK/WHITE","1","0"
"","simple","SHA-HF-009","Breakfast/Laptop Table/Work Table [CREAM/BROWN/WHITE/BLACK]","<p>The Breakfast/Laptop Table/Work Table is a premium product designed for quality and durability. Perfect for everyday use, it combines functionality with modern aesthetics, making it an excellent choice for your home or lifestyle needs.</p><ul><li>High-quality materials for long-lasting performance</li><li>Available in CREAM/BROWN/WHITE/BLACK</li><li>Easy to use and maintain</li><li>Stylish design suitable for any setting</li></ul><p>Specifications: Variation: CREAM/BROWN/WHITE/BLACK. Category: Home & Furniture. Backed by Shalina Mart's 7-day return policy and free delivery on orders above KSh 2,500.</p>","<p>✓ Free delivery on orders above KSh 2,500</p><p>✓ 7-day easy returns</p><p>✓ Secure M-Pesa checkout</p><p>Premium quality Breakfast/Laptop Table/Work Table available in CREAM/BROWN/WHITE/BLACK.</p>","1500","","Home & Furniture","home, furniture, decor, interior, modern","10","8.0","80x60x40","https://shalimart.co.ke/wp-content/uploads/shalina-mart-images/SHA-HF-009.png","Colour","CREAM/BROWN/WHITE/BLACK","1","0"
"","simple","SHA-APP-007","2-21V Batteries Foldable Cordless Lawn Mower With Wheels [BLUE]","<p>The 2-21V Batteries Foldable Cordless Lawn Mower With Wheels is a premium product designed for quality and durability. Perfect for everyday use, it combines functionality with modern aesthetics, making it an excellent choice for your home or lifestyle needs.</p><ul><li>High-quality materials for long-lasting performance</li><li>Available in BLUE</li><li>Easy to use and maintain</li><li>Stylish design suitable for any setting</li></ul><p>Specifications: Variation: BLUE. Category: Appliances. Backed by Shalina Mart's 7-day return policy and free delivery on orders above KSh 2,500.</p>","<p>✓ Free delivery on orders above KSh 2,500</p><p>✓ 7-day easy returns</p><p>✓ Secure M-Pesa checkout</p><p>Premium quality 2-21V Batteries Foldable Cordless Lawn Mower With Wheels available in BLUE.</p>","5500","","Appliances","appliance, electric, home appliance, kitchen, modern","10","3.0","40x30x25","https://shalimart.co.ke/wp-content/uploads/shalina-mart-images/SHA-APP-007.png","Colour","BLUE","1","0"
"","simple","SHA-HF-010","Stainless Steel Retractable Double Tier Folding Rust Resistant Cloth Drying Rack [STAINLESS STEEL]","<p>The Stainless Steel Retractable Double Tier Folding Rust Resistant Cloth Drying Rack is a premium product designed for quality and durability. Perfect for everyday use, it combines functionality with modern aesthetics, making it an excellent choice for your home or lifestyle needs.</p><ul><li>High-quality materials for long-lasting performance</li><li>Available in STAINLESS STEEL</li><li>Easy to use and maintain</li><li>Stylish design suitable for any setting</li></ul><p>Specifications: Variation: STAINLESS STEEL. Category: Home & Furniture. Backed by Shalina Mart's 7-day return policy and free delivery on orders above KSh 2,500.</p>","<p>✓ Free delivery on orders above KSh 2,500</p><p>✓ 7-day easy returns</p><p>✓ Secure M-Pesa checkout</p><p>Premium quality Stainless Steel Retractable Double Tier Folding Rust Resistant Cloth Drying Rack available in STAINLESS STEEL.</p>","3700","","Home & Furniture","home, furniture, decor, interior, modern","10","8.0","80x60x40","https://shalimart.co.ke/wp-content/uploads/shalina-mart-images/SHA-HF-010.png","Style","STAINLESS STEEL","1","0"
"","simple","SHA-HW-007","Kids Training Toilet Seat Trainer With Pvc Cushion/Soft Pad [BLUE/PINK]","<p>The Kids Training Toilet Seat Trainer With Pvc Cushion/Soft Pad is a premium product designed for quality and durability. Perfect for everyday use, it combines functionality with modern aesthetics, making it an excellent choice for your home or lifestyle needs.</p><ul><li>High-quality materials for long-lasting performance</li><li>Available in BLUE/PINK</li><li>Easy to use and maintain</li><li>Stylish design suitable for any setting</li></ul><p>Specifications: Variation: BLUE/PINK. Category: Health & Wellness. Backed by Shalina Mart's 7-day return policy and free delivery on orders above KSh 2,500.</p>","<p>✓ Free delivery on orders above KSh 2,500</p><p>✓ 7-day easy returns</p><p>✓ Secure M-Pesa checkout</p><p>Premium quality Kids Training Toilet Seat Trainer With Pvc Cushion/Soft Pad available in BLUE/PINK.</p>","3500","","Health & Wellness","health, wellness, fitness, massage, comfort","10","2.0","35x25x20","https://shalimart.co.ke/wp-content/uploads/shalina-mart-images/SHA-HW-007.png","Colour","BLUE/PINK","1","0"
"","simple","SHA-FBA-002","Crrju 2 Face Option Ladies Bracelet Watch [GOLD]","<p>The Crrju 2 Face Option Ladies Bracelet Watch is a premium product designed for quality and durability. Perfect for everyday use, it combines functionality with modern aesthetics, making it an excellent choice for your home or lifestyle needs.</p><ul><li>High-quality materials for long-lasting performance</li><li>Available in GOLD</li><li>Easy to use and maintain</li><li>Stylish design suitable for any setting</li></ul><p>Specifications: Variation: GOLD. Category: Fashion & Beauty Accessories. Backed by Shalina Mart's 7-day return policy and free delivery on orders above KSh 2,500.</p>","<p>✓ Free delivery on orders above KSh 2,500</p><p>✓ 7-day easy returns</p><p>✓ Secure M-Pesa checkout</p><p>Premium quality Crrju 2 Face Option Ladies Bracelet Watch available in GOLD.</p>","3500","","Fashion & Beauty Accessories","fashion, beauty, accessory, style, women","10","0.5","20x15x10","https://shalimart.co.ke/wp-content/uploads/shalina-mart-images/SHA-FBA-002.png","Colour","GOLD","1","0"
"","simple","SHA-HF-011","Console Bedside Cabinet Double Layer Mdf Marble Effect Coffee Table [WHITE&GOLD]","<p>The Console Bedside Cabinet Double Layer Mdf Marble Effect Coffee Table is a premium product designed for quality and durability. Perfect for everyday use, it combines functionality with modern aesthetics, making it an excellent choice for your home or lifestyle needs.</p><ul><li>High-quality materials for long-lasting performance</li><li>Available in WHITE&GOLD</li><li>Easy to use and maintain</li><li>Stylish design suitable for any setting</li></ul><p>Specifications: Variation: WHITE&GOLD. Category: Home & Furniture. Backed by Shalina Mart's 7-day return policy and free delivery on orders above KSh 2,500.</p>","<p>✓ Free delivery on orders above KSh 2,500</p><p>✓ 7-day easy returns</p><p>✓ Secure M-Pesa checkout</p><p>Premium quality Console Bedside Cabinet Double Layer Mdf Marble Effect Coffee Table available in WHITE&GOLD.</p>","4500","","Home & Furniture","home, furniture, decor, interior, modern","10","8.0","80x60x40","https://shalimart.co.ke/wp-content/uploads/shalina-mart-images/SHA-HF-011.png","Colour","WHITE&GOLD","1","0"
"","simple","SHA-APP-008","Handheld Rechargable Car Vacuum Cleaner [BLACK]","<p>The Handheld Rechargable Car Vacuum Cleaner is a premium product designed for quality and durability. Perfect for everyday use, it combines functionality with modern aesthetics, making it an excellent choice for your home or lifestyle needs.</p><ul><li>High-quality materials for long-lasting performance</li><li>Available in BLACK</li><li>Easy to use and maintain</li><li>Stylish design suitable for any setting</li></ul><p>Specifications: Variation: BLACK. Category: Appliances. Backed by Shalina Mart's 7-day return policy and free delivery on orders above KSh 2,500.</p>","<p>✓ Free delivery on orders above KSh 2,500</p><p>✓ 7-day easy returns</p><p>✓ Secure M-Pesa checkout</p><p>Premium quality Handheld Rechargable Car Vacuum Cleaner available in BLACK.</p>","2500","","Appliances","appliance, electric, home appliance, kitchen, modern","10","3.0","40x30x25","https://shalimart.co.ke/wp-content/uploads/shalina-mart-images/SHA-APP-008.png","Colour","BLACK","1","0"
"","simple","SHA-HF-012","Foldable Breakfast In Bed Bamboo Tray [BROWN/BLACK/WHITE]","<p>The Foldable Breakfast In Bed Bamboo Tray is a premium product designed for quality and durability. Perfect for everyday use, it combines functionality with modern aesthetics, making it an excellent choice for your home or lifestyle needs.</p><ul><li>High-quality materials for long-lasting performance</li><li>Available in BROWN/BLACK/WHITE</li><li>Easy to use and maintain</li><li>Stylish design suitable for any setting</li></ul><p>Specifications: Variation: BROWN/BLACK/WHITE. Category: Home & Furniture. Backed by Shalina Mart's 7-day return policy and free delivery on orders above KSh 2,500.</p>","<p>✓ Free delivery on orders above KSh 2,500</p><p>✓ 7-day easy returns</p><p>✓ Secure M-Pesa checkout</p><p>Premium quality Foldable Breakfast In Bed Bamboo Tray available in BROWN/BLACK/WHITE.</p>","2499","","Home & Furniture","home, furniture, decor, interior, modern","10","8.0","80x60x40","https://shalimart.co.ke/wp-content/uploads/shalina-mart-images/SHA-HF-012.png","Colour","BROWN/BLACK/WHITE","1","0"
"","simple","SHA-KIT-003","6 In 1 Luxuxy Bathroom Accessories Set With Bamboo Lid [BLUE/BLACK/WHITE]","<p>The 6 In 1 Luxuxy Bathroom Accessories Set With Bamboo Lid is a premium product designed for quality and durability. Perfect for everyday use, it combines functionality with modern aesthetics, making it an excellent choice for your home or lifestyle needs.</p><ul><li>High-quality materials for long-lasting performance</li><li>Available in BLUE/BLACK/WHITE</li><li>Easy to use and maintain</li><li>Stylish design suitable for any setting</li></ul><p>Specifications: Variation: BLUE/BLACK/WHITE. Category: Kits Products. Backed by Shalina Mart's 7-day return policy and free delivery on orders above KSh 2,500.</p>","<p>✓ Free delivery on orders above KSh 2,500</p><p>✓ 7-day easy returns</p><p>✓ Secure M-Pesa checkout</p><p>Premium quality 6 In 1 Luxuxy Bathroom Accessories Set With Bamboo Lid available in BLUE/BLACK/WHITE.</p>","3499","","Kits Products","kit, set, bundle, collection, multi-piece","10","1.5","30x20x15","https://shalimart.co.ke/wp-content/uploads/shalina-mart-images/SHA-KIT-003.png","Colour","BLUE/BLACK/WHITE","1","0"
"","simple","SHA-HF-013","3 In 1 Round Nesting Coffee Table Set [BLACK&GOLD]","<p>The 3 In 1 Round Nesting Coffee Table Set is a premium product designed for quality and durability. Perfect for everyday use, it combines functionality with modern aesthetics, making it an excellent choice for your home or lifestyle needs.</p><ul><li>High-quality materials for long-lasting performance</li><li>Available in BLACK&GOLD</li><li>Easy to use and maintain</li><li>Stylish design suitable for any setting</li></ul><p>Specifications: Variation: BLACK&GOLD. Category: Home & Furniture. Backed by Shalina Mart's 7-day return policy and free delivery on orders above KSh 2,500.</p>","<p>✓ Free delivery on orders above KSh 2,500</p><p>✓ 7-day easy returns</p><p>✓ Secure M-Pesa checkout</p><p>Premium quality 3 In 1 Round Nesting Coffee Table Set available in BLACK&GOLD.</p>","8699","","Home & Furniture","home, furniture, decor, interior, modern","10","8.0","80x60x40","https://shalimart.co.ke/wp-content/uploads/shalina-mart-images/SHA-HF-013.png","Colour","BLACK&GOLD","1","0"
"","simple","SHA-APP-009","800Ml French Coffee Plunger [BLACK]","<p>The 800Ml French Coffee Plunger is a premium product designed for quality and durability. Perfect for everyday use, it combines functionality with modern aesthetics, making it an excellent choice for your home or lifestyle needs.</p><ul><li>High-quality materials for long-lasting performance</li><li>Available in BLACK</li><li>Easy to use and maintain</li><li>Stylish design suitable for any setting</li></ul><p>Specifications: Variation: BLACK. Category: Appliances. Backed by Shalina Mart's 7-day return policy and free delivery on orders above KSh 2,500.</p>","<p>✓ Free delivery on orders above KSh 2,500</p><p>✓ 7-day easy returns</p><p>✓ Secure M-Pesa checkout</p><p>Premium quality 800Ml French Coffee Plunger available in BLACK.</p>","1699","","Appliances","appliance, electric, home appliance, kitchen, modern","10","3.0","40x30x25","https://shalimart.co.ke/wp-content/uploads/shalina-mart-images/SHA-APP-009.png","Colour","BLACK","1","0"
"","simple","SHA-HF-014","4 Holes Multipurpose Hook Mop Hanger With Hanging Hooks And Self Adhesive Stickers [SILVER]","<p>The 4 Holes Multipurpose Hook Mop Hanger With Hanging Hooks And Self Adhesive Stickers is a premium product designed for quality and durability. Perfect for everyday use, it combines functionality with modern aesthetics, making it an excellent choice for your home or lifestyle needs.</p><ul><li>High-quality materials for long-lasting performance</li><li>Available in SILVER</li><li>Easy to use and maintain</li><li>Stylish design suitable for any setting</li></ul><p>Specifications: Variation: SILVER. Category: Home & Furniture. Backed by Shalina Mart's 7-day return policy and free delivery on orders above KSh 2,500.</p>","<p>✓ Free delivery on orders above KSh 2,500</p><p>✓ 7-day easy returns</p><p>✓ Secure M-Pesa checkout</p><p>Premium quality 4 Holes Multipurpose Hook Mop Hanger With Hanging Hooks And Self Adhesive Stickers available in SILVER.</p>","899","","Home & Furniture","home, furniture, decor, interior, modern","10","8.0","80x60x40","https://shalimart.co.ke/wp-content/uploads/shalina-mart-images/SHA-HF-014.png","Colour","SILVER","1","0"
"","simple","SHA-APP-010","10Kg 600W Clothes Drying Heater [CREAM]","<p>The 10Kg 600W Clothes Drying Heater is a premium product designed for quality and durability. Perfect for everyday use, it combines functionality with modern aesthetics, making it an excellent choice for your home or lifestyle needs.</p><ul><li>High-quality materials for long-lasting performance</li><li>Available in CREAM</li><li>Easy to use and maintain</li><li>Stylish design suitable for any setting</li></ul><p>Specifications: Variation: CREAM. Category: Appliances. Backed by Shalina Mart's 7-day return policy and free delivery on orders above KSh 2,500.</p>","<p>✓ Free delivery on orders above KSh 2,500</p><p>✓ 7-day easy returns</p><p>✓ Secure M-Pesa checkout</p><p>Premium quality 10Kg 600W Clothes Drying Heater available in CREAM.</p>","3199","","Appliances","appliance, electric, home appliance, kitchen, modern","10","3.0","40x30x25","https://shalimart.co.ke/wp-content/uploads/shalina-mart-images/SHA-APP-010.png","Colour","CREAM","1","0"
"","simple","SHA-APP-011","Extending Arm High Power Heavy Duty Rechargeable 3 In 1 3Pc Brush Electric Spin Scrubber [BLUE]","<p>The Extending Arm High Power Heavy Duty Rechargeable 3 In 1 3Pc Brush Electric Spin Scrubber is a premium product designed for quality and durability. Perfect for everyday use, it combines functionality with modern aesthetics, making it an excellent choice for your home or lifestyle needs.</p><ul><li>High-quality materials for long-lasting performance</li><li>Available in BLUE</li><li>Easy to use and maintain</li><li>Stylish design suitable for any setting</li></ul><p>Specifications: Variation: BLUE. Category: Appliances. Backed by Shalina Mart's 7-day return policy and free delivery on orders above KSh 2,500.</p>","<p>✓ Free delivery on orders above KSh 2,500</p><p>✓ 7-day easy returns</p><p>✓ Secure M-Pesa checkout</p><p>Premium quality Extending Arm High Power Heavy Duty Rechargeable 3 In 1 3Pc Brush Electric Spin Scrubber available in BLUE.</p>","5350","","Appliances","appliance, electric, home appliance, kitchen, modern","10","3.0","40x30x25","https://shalimart.co.ke/wp-content/uploads/shalina-mart-images/SHA-APP-011.png","Colour","BLUE","1","0"
"","simple","SHA-AUTO-002","115Cm Long Car Wash Twin Mop [RED]","<p>The 115Cm Long Car Wash Twin Mop is a premium product designed for quality and durability. Perfect for everyday use, it combines functionality with modern aesthetics, making it an excellent choice for your home or lifestyle needs.</p><ul><li>High-quality materials for long-lasting performance</li><li>Available in RED</li><li>Easy to use and maintain</li><li>Stylish design suitable for any setting</li></ul><p>Specifications: Variation: RED. Category: Automotive. Backed by Shalina Mart's 7-day return policy and free delivery on orders above KSh 2,500.</p>","<p>✓ Free delivery on orders above KSh 2,500</p><p>✓ 7-day easy returns</p><p>✓ Secure M-Pesa checkout</p><p>Premium quality 115Cm Long Car Wash Twin Mop available in RED.</p>","1599","","Automotive","car, auto, vehicle, cleaning, automotive","10","2.5","35x25x15","https://shalimart.co.ke/wp-content/uploads/shalina-mart-images/SHA-AUTO-002.png","Colour","RED","1","0"
"","simple","SHA-KIT-004","Mordern Nordic Style Wooden Storage Table/Multipurpose Bedside And Living Room Organizer [WHITE]","<p>The Mordern Nordic Style Wooden Storage Table/Multipurpose Bedside And Living Room Organizer is a premium product designed for quality and durability. Perfect for everyday use, it combines functionality with modern aesthetics, making it an excellent choice for your home or lifestyle needs.</p><ul><li>High-quality materials for long-lasting performance</li><li>Available in WHITE</li><li>Easy to use and maintain</li><li>Stylish design suitable for any setting</li></ul><p>Specifications: Variation: WHITE. Category: Kits Products. Backed by Shalina Mart's 7-day return policy and free delivery on orders above KSh 2,500.</p>","<p>✓ Free delivery on orders above KSh 2,500</p><p>✓ 7-day easy returns</p><p>✓ Secure M-Pesa checkout</p><p>Premium quality Mordern Nordic Style Wooden Storage Table/Multipurpose Bedside And Living Room Organizer available in WHITE.</p>","2399","","Kits Products","kit, set, bundle, collection, multi-piece","10","1.5","30x20x15","https://shalimart.co.ke/wp-content/uploads/shalina-mart-images/SHA-KIT-004.png","Colour","WHITE","1","0"
"","simple","SHA-APP-012","Stainless Steel28Cm Golden Furnace Chaffing Dish Food Warmer [STAINLESS STEEL]","<p>The Stainless Steel28Cm Golden Furnace Chaffing Dish Food Warmer is a premium product designed for quality and durability. Perfect for everyday use, it combines functionality with modern aesthetics, making it an excellent choice for your home or lifestyle needs.</p><ul><li>High-quality materials for long-lasting performance</li><li>Available in STAINLESS STEEL</li><li>Easy to use and maintain</li><li>Stylish design suitable for any setting</li></ul><p>Specifications: Variation: STAINLESS STEEL. Category: Appliances. Backed by Shalina Mart's 7-day return policy and free delivery on orders above KSh 2,500.</p>","<p>✓ Free delivery on orders above KSh 2,500</p><p>✓ 7-day easy returns</p><p>✓ Secure M-Pesa checkout</p><p>Premium quality Stainless Steel28Cm Golden Furnace Chaffing Dish Food Warmer available in STAINLESS STEEL.</p>","5500","","Appliances","appliance, electric, home appliance, kitchen, modern","10","3.0","40x30x25","https://shalimart.co.ke/wp-content/uploads/shalina-mart-images/SHA-APP-012.png","Style","STAINLESS STEEL","1","0"
"","simple","SHA-APP-013","Easily Portable Foldable Mini Ironing Board [MULTICOLOUR]","<p>The Easily Portable Foldable Mini Ironing Board is a premium product designed for quality and durability. Perfect for everyday use, it combines functionality with modern aesthetics, making it an excellent choice for your home or lifestyle needs.</p><ul><li>High-quality materials for long-lasting performance</li><li>Available in MULTICOLOUR</li><li>Easy to use and maintain</li><li>Stylish design suitable for any setting</li></ul><p>Specifications: Variation: MULTICOLOUR. Category: Appliances. Backed by Shalina Mart's 7-day return policy and free delivery on orders above KSh 2,500.</p>","<p>✓ Free delivery on orders above KSh 2,500</p><p>✓ 7-day easy returns</p><p>✓ Secure M-Pesa checkout</p><p>Premium quality Easily Portable Foldable Mini Ironing Board available in MULTICOLOUR.</p>","2799","","Appliances","appliance, electric, home appliance, kitchen, modern","10","3.0","40x30x25","https://shalimart.co.ke/wp-content/uploads/shalina-mart-images/SHA-APP-013.png","Colour","MULTICOLOUR","1","0"
"","simple","SHA-KIT-005","3 Slot Bamboo Cutlery Organizer Box [BROWN]","<p>The 3 Slot Bamboo Cutlery Organizer Box is a premium product designed for quality and durability. Perfect for everyday use, it combines functionality with modern aesthetics, making it an excellent choice for your home or lifestyle needs.</p><ul><li>High-quality materials for long-lasting performance</li><li>Available in BROWN</li><li>Easy to use and maintain</li><li>Stylish design suitable for any setting</li></ul><p>Specifications: Variation: BROWN. Category: Kits Products. Backed by Shalina Mart's 7-day return policy and free delivery on orders above KSh 2,500.</p>","<p>✓ Free delivery on orders above KSh 2,500</p><p>✓ 7-day easy returns</p><p>✓ Secure M-Pesa checkout</p><p>Premium quality 3 Slot Bamboo Cutlery Organizer Box available in BROWN.</p>","1699","","Kits Products","kit, set, bundle, collection, multi-piece","10","1.5","30x20x15","https://shalimart.co.ke/wp-content/uploads/shalina-mart-images/SHA-KIT-005.png","Colour","BROWN","1","0"
"","simple","SHA-AUTO-003","Car Cigar Powered Portable Air Inflating Pump [BLACK]","<p>The Car Cigar Powered Portable Air Inflating Pump is a premium product designed for quality and durability. Perfect for everyday use, it combines functionality with modern aesthetics, making it an excellent choice for your home or lifestyle needs.</p><ul><li>High-quality materials for long-lasting performance</li><li>Available in BLACK</li><li>Easy to use and maintain</li><li>Stylish design suitable for any setting</li></ul><p>Specifications: Variation: BLACK. Category: Automotive. Backed by Shalina Mart's 7-day return policy and free delivery on orders above KSh 2,500.</p>","<p>✓ Free delivery on orders above KSh 2,500</p><p>✓ 7-day easy returns</p><p>✓ Secure M-Pesa checkout</p><p>Premium quality Car Cigar Powered Portable Air Inflating Pump available in BLACK.</p>","1299","","Automotive","car, auto, vehicle, cleaning, automotive","10","2.5","35x25x15","https://shalimart.co.ke/wp-content/uploads/shalina-mart-images/SHA-AUTO-003.png","Colour","BLACK","1","0"
"","simple","SHA-HF-015","Foldable 10 Slot Wooden Wine Bottle Rack [BROWN]","<p>The Foldable 10 Slot Wooden Wine Bottle Rack is a premium product designed for quality and durability. Perfect for everyday use, it combines functionality with modern aesthetics, making it an excellent choice for your home or lifestyle needs.</p><ul><li>High-quality materials for long-lasting performance</li><li>Available in BROWN</li><li>Easy to use and maintain</li><li>Stylish design suitable for any setting</li></ul><p>Specifications: Variation: BROWN. Category: Home & Furniture. Backed by Shalina Mart's 7-day return policy and free delivery on orders above KSh 2,500.</p>","<p>✓ Free delivery on orders above KSh 2,500</p><p>✓ 7-day easy returns</p><p>✓ Secure M-Pesa checkout</p><p>Premium quality Foldable 10 Slot Wooden Wine Bottle Rack available in BROWN.</p>","3199","","Home & Furniture","home, furniture, decor, interior, modern","10","8.0","80x60x40","https://shalimart.co.ke/wp-content/uploads/shalina-mart-images/SHA-HF-015.png","Colour","BROWN","1","0"
"","simple","SHA-HF-016","Multifunctional Bathroom Towel Holder [BLACK]","<p>The Multifunctional Bathroom Towel Holder is a premium product designed for quality and durability. Perfect for everyday use, it combines functionality with modern aesthetics, making it an excellent choice for your home or lifestyle needs.</p><ul><li>High-quality materials for long-lasting performance</li><li>Available in BLACK</li><li>Easy to use and maintain</li><li>Stylish design suitable for any setting</li></ul><p>Specifications: Variation: BLACK. Category: Home & Furniture. Backed by Shalina Mart's 7-day return policy and free delivery on orders above KSh 2,500.</p>","<p>✓ Free delivery on orders above KSh 2,500</p><p>✓ 7-day easy returns</p><p>✓ Secure M-Pesa checkout</p><p>Premium quality Multifunctional Bathroom Towel Holder available in BLACK.</p>","2999","","Home & Furniture","home, furniture, decor, interior, modern","10","8.0","80x60x40","https://shalimart.co.ke/wp-content/uploads/shalina-mart-images/SHA-HF-016.png","Colour","BLACK","1","0"
"","simple","SHA-APP-014","Shooting Canon Aroma Therapy Humidifier With 7 Colour Lights [BLACK]","<p>The Shooting Canon Aroma Therapy Humidifier With 7 Colour Lights is a premium product designed for quality and durability. Perfect for everyday use, it combines functionality with modern aesthetics, making it an excellent choice for your home or lifestyle needs.</p><ul><li>High-quality materials for long-lasting performance</li><li>Available in BLACK</li><li>Easy to use and maintain</li><li>Stylish design suitable for any setting</li></ul><p>Specifications: Variation: BLACK. Category: Appliances. Backed by Shalina Mart's 7-day return policy and free delivery on orders above KSh 2,500.</p>","<p>✓ Free delivery on orders above KSh 2,500</p><p>✓ 7-day easy returns</p><p>✓ Secure M-Pesa checkout</p><p>Premium quality Shooting Canon Aroma Therapy Humidifier With 7 Colour Lights available in BLACK.</p>","1399","","Appliances","appliance, electric, home appliance, kitchen, modern","10","3.0","40x30x25","https://shalimart.co.ke/wp-content/uploads/shalina-mart-images/SHA-APP-014.png","Colour","BLACK","1","0"
"","simple","SHA-KIT-006","11Pcs Set Pull Rope,Resistance Bands,Portable Fitness Equipment,Ankle Strap,Chest Expander [MULTICOLOUR]","<p>The 11Pcs Set Pull Rope,Resistance Bands,Portable Fitness Equipment,Ankle Strap,Chest Expander is a premium product designed for quality and durability. Perfect for everyday use, it combines functionality with modern aesthetics, making it an excellent choice for your home or lifestyle needs.</p><ul><li>High-quality materials for long-lasting performance</li><li>Available in MULTICOLOUR</li><li>Easy to use and maintain</li><li>Stylish design suitable for any setting</li></ul><p>Specifications: Variation: MULTICOLOUR. Category: Kits Products. Backed by Shalina Mart's 7-day return policy and free delivery on orders above KSh 2,500.</p>","<p>✓ Free delivery on orders above KSh 2,500</p><p>✓ 7-day easy returns</p><p>✓ Secure M-Pesa checkout</p><p>Premium quality 11Pcs Set Pull Rope,Resistance Bands,Portable Fitness Equipment,Ankle Strap,Chest Expander available in MULTICOLOUR.</p>","2500","","Kits Products","kit, set, bundle, collection, multi-piece","10","1.5","30x20x15","https://shalimart.co.ke/wp-content/uploads/shalina-mart-images/SHA-KIT-006.png","Colour","MULTICOLOUR","1","0"
"","simple","SHA-KIT-007","Modern Nordic Style Wooden Storage Table/Multi-Purpose Bedside/Living Room Organizer [WHITE]","<p>The Modern Nordic Style Wooden Storage Table/Multi-Purpose Bedside/Living Room Organizer is a premium product designed for quality and durability. Perfect for everyday use, it combines functionality with modern aesthetics, making it an excellent choice for your home or lifestyle needs.</p><ul><li>High-quality materials for long-lasting performance</li><li>Available in WHITE</li><li>Easy to use and maintain</li><li>Stylish design suitable for any setting</li></ul><p>Specifications: Variation: WHITE. Category: Kits Products. Backed by Shalina Mart's 7-day return policy and free delivery on orders above KSh 2,500.</p>","<p>✓ Free delivery on orders above KSh 2,500</p><p>✓ 7-day easy returns</p><p>✓ Secure M-Pesa checkout</p><p>Premium quality Modern Nordic Style Wooden Storage Table/Multi-Purpose Bedside/Living Room Organizer available in WHITE.</p>","6700","","Kits Products","kit, set, bundle, collection, multi-piece","10","1.5","30x20x15","https://shalimart.co.ke/wp-content/uploads/shalina-mart-images/SHA-KIT-007.png","Colour","WHITE","1","0"
"","simple","SHA-HF-017","Heavy Gauge 3 Layer Mesh Trays Metallic Trolley Rack [BLUE/PINK/CREAM/LILAC]","<p>The Heavy Gauge 3 Layer Mesh Trays Metallic Trolley Rack is a premium product designed for quality and durability. Perfect for everyday use, it combines functionality with modern aesthetics, making it an excellent choice for your home or lifestyle needs.</p><ul><li>High-quality materials for long-lasting performance</li><li>Available in BLUE/PINK/CREAM/LILAC</li><li>Easy to use and maintain</li><li>Stylish design suitable for any setting</li></ul><p>Specifications: Variation: BLUE/PINK/CREAM/LILAC. Category: Home & Furniture. Backed by Shalina Mart's 7-day return policy and free delivery on orders above KSh 2,500.</p>","<p>✓ Free delivery on orders above KSh 2,500</p><p>✓ 7-day easy returns</p><p>✓ Secure M-Pesa checkout</p><p>Premium quality Heavy Gauge 3 Layer Mesh Trays Metallic Trolley Rack available in BLUE/PINK/CREAM/LILAC.</p>","4650","","Home & Furniture","home, furniture, decor, interior, modern","10","8.0","80x60x40","https://shalimart.co.ke/wp-content/uploads/shalina-mart-images/SHA-HF-017.png","Colour","BLUE/PINK/CREAM/LILAC","1","0"
"","simple","SHA-APP-015","4L Portable Beauty Car Fridge With Mirror And Duo Power Option [WHITE/PINK]","<p>The 4L Portable Beauty Car Fridge With Mirror And Duo Power Option is a premium product designed for quality and durability. Perfect for everyday use, it combines functionality with modern aesthetics, making it an excellent choice for your home or lifestyle needs.</p><ul><li>High-quality materials for long-lasting performance</li><li>Available in WHITE/PINK</li><li>Easy to use and maintain</li><li>Stylish design suitable for any setting</li></ul><p>Specifications: Variation: WHITE/PINK. Category: Appliances. Backed by Shalina Mart's 7-day return policy and free delivery on orders above KSh 2,500.</p>","<p>✓ Free delivery on orders above KSh 2,500</p><p>✓ 7-day easy returns</p><p>✓ Secure M-Pesa checkout</p><p>Premium quality 4L Portable Beauty Car Fridge With Mirror And Duo Power Option available in WHITE/PINK.</p>","5399","","Appliances","appliance, electric, home appliance, kitchen, modern","10","3.0","40x30x25","https://shalimart.co.ke/wp-content/uploads/shalina-mart-images/SHA-APP-015.png","Colour","WHITE/PINK","1","0"
"","simple","SHA-HW-008","Professional Rechargeable Electric Nail Drill Designed For Manicure And Pedicure Tasks [PINK]","<p>The Professional Rechargeable Electric Nail Drill Designed For Manicure And Pedicure Tasks is a premium product designed for quality and durability. Perfect for everyday use, it combines functionality with modern aesthetics, making it an excellent choice for your home or lifestyle needs.</p><ul><li>High-quality materials for long-lasting performance</li><li>Available in PINK</li><li>Easy to use and maintain</li><li>Stylish design suitable for any setting</li></ul><p>Specifications: Variation: PINK. Category: Health & Wellness. Backed by Shalina Mart's 7-day return policy and free delivery on orders above KSh 2,500.</p>","<p>✓ Free delivery on orders above KSh 2,500</p><p>✓ 7-day easy returns</p><p>✓ Secure M-Pesa checkout</p><p>Premium quality Professional Rechargeable Electric Nail Drill Designed For Manicure And Pedicure Tasks available in PINK.</p>","2500","","Health & Wellness","health, wellness, fitness, massage, comfort","10","2.0","35x25x20","https://shalimart.co.ke/wp-content/uploads/shalina-mart-images/SHA-HW-008.png","Colour","PINK","1","0"
"","simple","SHA-HW-009","Winter Sports Gloves [BLACK/BLUE/GREY/PINK]","<p>The Winter Sports Gloves is a premium product designed for quality and durability. Perfect for everyday use, it combines functionality with modern aesthetics, making it an excellent choice for your home or lifestyle needs.</p><ul><li>High-quality materials for long-lasting performance</li><li>Available in BLACK/BLUE/GREY/PINK</li><li>Easy to use and maintain</li><li>Stylish design suitable for any setting</li></ul><p>Specifications: Variation: BLACK/BLUE/GREY/PINK. Category: Health & Wellness. Backed by Shalina Mart's 7-day return policy and free delivery on orders above KSh 2,500.</p>","<p>✓ Free delivery on orders above KSh 2,500</p><p>✓ 7-day easy returns</p><p>✓ Secure M-Pesa checkout</p><p>Premium quality Winter Sports Gloves available in BLACK/BLUE/GREY/PINK.</p>","1199","","Health & Wellness","health, wellness, fitness, massage, comfort","10","2.0","35x25x20","https://shalimart.co.ke/wp-content/uploads/shalina-mart-images/SHA-HW-009.png","Colour","BLACK/BLUE/GREY/PINK","1","0"
"","simple","SHA-HF-018","Modern Heavy Duty Shoe Rack [BROWN]","<p>The Modern Heavy Duty Shoe Rack is a premium product designed for quality and durability. Perfect for everyday use, it combines functionality with modern aesthetics, making it an excellent choice for your home or lifestyle needs.</p><ul><li>High-quality materials for long-lasting performance</li><li>Available in BROWN</li><li>Easy to use and maintain</li><li>Stylish design suitable for any setting</li></ul><p>Specifications: Variation: BROWN. Category: Home & Furniture. Backed by Shalina Mart's 7-day return policy and free delivery on orders above KSh 2,500.</p>","<p>✓ Free delivery on orders above KSh 2,500</p><p>✓ 7-day easy returns</p><p>✓ Secure M-Pesa checkout</p><p>Premium quality Modern Heavy Duty Shoe Rack available in BROWN.</p>","8699","","Home & Furniture","home, furniture, decor, interior, modern","10","8.0","80x60x40","https://shalimart.co.ke/wp-content/uploads/shalina-mart-images/SHA-HF-018.png","Colour","BROWN","1","0"
"","simple","SHA-OD-003","4Ft Trampoline For Kids With Safety Enclosure [MULTICOLOUR]","<p>The 4Ft Trampoline For Kids With Safety Enclosure is a premium product designed for quality and durability. Perfect for everyday use, it combines functionality with modern aesthetics, making it an excellent choice for your home or lifestyle needs.</p><ul><li>High-quality materials for long-lasting performance</li><li>Available in MULTICOLOUR</li><li>Easy to use and maintain</li><li>Stylish design suitable for any setting</li></ul><p>Specifications: Variation: MULTICOLOUR. Category: Outdoor. Backed by Shalina Mart's 7-day return policy and free delivery on orders above KSh 2,500.</p>","<p>✓ Free delivery on orders above KSh 2,500</p><p>✓ 7-day easy returns</p><p>✓ Secure M-Pesa checkout</p><p>Premium quality 4Ft Trampoline For Kids With Safety Enclosure available in MULTICOLOUR.</p>","14700","","Outdoor","outdoor, garden, kids, play, exterior","10","5.0","60x40x30","https://shalimart.co.ke/wp-content/uploads/shalina-mart-images/SHA-OD-003.png","Colour","MULTICOLOUR","1","0"
"","simple","SHA-HF-019","V162 Aos-20 [BLACK]","<p>The V162 Aos-20 is a premium product designed for quality and durability. Perfect for everyday use, it combines functionality with modern aesthetics, making it an excellent choice for your home or lifestyle needs.</p><ul><li>High-quality materials for long-lasting performance</li><li>Available in BLACK</li><li>Easy to use and maintain</li><li>Stylish design suitable for any setting</li></ul><p>Specifications: Variation: BLACK. Category: Home & Furniture. Backed by Shalina Mart's 7-day return policy and free delivery on orders above KSh 2,500.</p>","<p>✓ Free delivery on orders above KSh 2,500</p><p>✓ 7-day easy returns</p><p>✓ Secure M-Pesa checkout</p><p>Premium quality V162 Aos-20 available in BLACK.</p>","5899","","Home & Furniture","home, furniture, decor, interior, modern","10","8.0","80x60x40","https://shalimart.co.ke/wp-content/uploads/shalina-mart-images/SHA-HF-019.png","Colour","BLACK","1","0"
"","simple","SHA-OD-004","Big Size Vimtage Nordic 3D Led Electric Fireplace [98.5CM*11.5CM*27.5CM]","<p>The Big Size Vimtage Nordic 3D Led Electric Fireplace is a premium product designed for quality and durability. Perfect for everyday use, it combines functionality with modern aesthetics, making it an excellent choice for your home or lifestyle needs.</p><ul><li>High-quality materials for long-lasting performance</li><li>Available in 98.5CM*11.5CM*27.5CM</li><li>Easy to use and maintain</li><li>Stylish design suitable for any setting</li></ul><p>Specifications: Variation: 98.5CM*11.5CM*27.5CM. Category: Outdoor. Backed by Shalina Mart's 7-day return policy and free delivery on orders above KSh 2,500.</p>","<p>✓ Free delivery on orders above KSh 2,500</p><p>✓ 7-day easy returns</p><p>✓ Secure M-Pesa checkout</p><p>Premium quality Big Size Vimtage Nordic 3D Led Electric Fireplace available in 98.5CM*11.5CM*27.5CM.</p>","8399","","Outdoor","outdoor, garden, kids, play, exterior","10","5.0","60x40x30","https://shalimart.co.ke/wp-content/uploads/shalina-mart-images/SHA-OD-004.png","Size","98.5CM*11.5CM*27.5CM","1","0"
"","simple","SHA-HF-020","Mesh Waiting/Visitors Chair [BLACK]","<p>The Mesh Waiting/Visitors Chair is a premium product designed for quality and durability. Perfect for everyday use, it combines functionality with modern aesthetics, making it an excellent choice for your home or lifestyle needs.</p><ul><li>High-quality materials for long-lasting performance</li><li>Available in BLACK</li><li>Easy to use and maintain</li><li>Stylish design suitable for any setting</li></ul><p>Specifications: Variation: BLACK. Category: Home & Furniture. Backed by Shalina Mart's 7-day return policy and free delivery on orders above KSh 2,500.</p>","<p>✓ Free delivery on orders above KSh 2,500</p><p>✓ 7-day easy returns</p><p>✓ Secure M-Pesa checkout</p><p>Premium quality Mesh Waiting/Visitors Chair available in BLACK.</p>","3499","","Home & Furniture","home, furniture, decor, interior, modern","10","8.0","80x60x40","https://shalimart.co.ke/wp-content/uploads/shalina-mart-images/SHA-HF-020.png","Colour","BLACK","1","0"
"","simple","SHA-APP-016","Medium Gauge Rechargeable Electric Citruss Juicer [MULTICOLOUR]","<p>The Medium Gauge Rechargeable Electric Citruss Juicer is a premium product designed for quality and durability. Perfect for everyday use, it combines functionality with modern aesthetics, making it an excellent choice for your home or lifestyle needs.</p><ul><li>High-quality materials for long-lasting performance</li><li>Available in MULTICOLOUR</li><li>Easy to use and maintain</li><li>Stylish design suitable for any setting</li></ul><p>Specifications: Variation: MULTICOLOUR. Category: Appliances. Backed by Shalina Mart's 7-day return policy and free delivery on orders above KSh 2,500.</p>","<p>✓ Free delivery on orders above KSh 2,500</p><p>✓ 7-day easy returns</p><p>✓ Secure M-Pesa checkout</p><p>Premium quality Medium Gauge Rechargeable Electric Citruss Juicer available in MULTICOLOUR.</p>","2199","","Appliances","appliance, electric, home appliance, kitchen, modern","10","3.0","40x30x25","https://shalimart.co.ke/wp-content/uploads/shalina-mart-images/SHA-APP-016.png","Colour","MULTICOLOUR","1","0"
"","simple","SHA-FBA-003","200Ml Hip Whisky Bottle With Two Tot Cups [BLACK/BROWN]","<p>The 200Ml Hip Whisky Bottle With Two Tot Cups is a premium product designed for quality and durability. Perfect for everyday use, it combines functionality with modern aesthetics, making it an excellent choice for your home or lifestyle needs.</p><ul><li>High-quality materials for long-lasting performance</li><li>Available in BLACK/BROWN</li><li>Easy to use and maintain</li><li>Stylish design suitable for any setting</li></ul><p>Specifications: Variation: BLACK/BROWN. Category: Fashion & Beauty Accessories. Backed by Shalina Mart's 7-day return policy and free delivery on orders above KSh 2,500.</p>","<p>✓ Free delivery on orders above KSh 2,500</p><p>✓ 7-day easy returns</p><p>✓ Secure M-Pesa checkout</p><p>Premium quality 200Ml Hip Whisky Bottle With Two Tot Cups available in BLACK/BROWN.</p>","1299","","Fashion & Beauty Accessories","fashion, beauty, accessory, style, women","10","0.5","20x15x10","https://shalimart.co.ke/wp-content/uploads/shalina-mart-images/SHA-FBA-003.png","Colour","BLACK/BROWN","1","0"
"","simple","SHA-HW-010","Bluetooth Full Body Massage Vibrator/Massage Vibration Plate [BLACK]","<p>The Bluetooth Full Body Massage Vibrator/Massage Vibration Plate is a premium product designed for quality and durability. Perfect for everyday use, it combines functionality with modern aesthetics, making it an excellent choice for your home or lifestyle needs.</p><ul><li>High-quality materials for long-lasting performance</li><li>Available in BLACK</li><li>Easy to use and maintain</li><li>Stylish design suitable for any setting</li></ul><p>Specifications: Variation: BLACK. Category: Health & Wellness. Backed by Shalina Mart's 7-day return policy and free delivery on orders above KSh 2,500.</p>","<p>✓ Free delivery on orders above KSh 2,500</p><p>✓ 7-day easy returns</p><p>✓ Secure M-Pesa checkout</p><p>Premium quality Bluetooth Full Body Massage Vibrator/Massage Vibration Plate available in BLACK.</p>","8799","","Health & Wellness","health, wellness, fitness, massage, comfort","10","2.0","35x25x20","https://shalimart.co.ke/wp-content/uploads/shalina-mart-images/SHA-HW-010.png","Colour","BLACK","1","0"
"","simple","SHA-OD-005","3 By 3 Canopy Gazebo Tent [WHITE]","<p>The 3 By 3 Canopy Gazebo Tent is a premium product designed for quality and durability. Perfect for everyday use, it combines functionality with modern aesthetics, making it an excellent choice for your home or lifestyle needs.</p><ul><li>High-quality materials for long-lasting performance</li><li>Available in WHITE</li><li>Easy to use and maintain</li><li>Stylish design suitable for any setting</li></ul><p>Specifications: Variation: WHITE. Category: Outdoor. Backed by Shalina Mart's 7-day return policy and free delivery on orders above KSh 2,500.</p>","<p>✓ Free delivery on orders above KSh 2,500</p><p>✓ 7-day easy returns</p><p>✓ Secure M-Pesa checkout</p><p>Premium quality 3 By 3 Canopy Gazebo Tent available in WHITE.</p>","17600","","Outdoor","outdoor, garden, kids, play, exterior","10","5.0","60x40x30","https://shalimart.co.ke/wp-content/uploads/shalina-mart-images/SHA-OD-005.png","Colour","WHITE","1","0"
